descriptor,mean_abs_shap,selection_freq,shap_rank,stability_rank
molecular_weight,0.10568437499581014,0.868,1,32
Nt_Z1,0.07675663135013795,0.988,2,2
Ct2_Z1,0.059192005195167936,0.976,3,16
VHSE5,0.029443685565320437,0.276,4,71
F6,0.026710981888456765,0.272,5,72
Ct1_Z1,0.026216217097517747,0.978,6,9
Ct_Z3,0.025932466510156342,0.978,7,9
Ct1_Z2,0.02548107750078583,0.976,8,16
Ct_Z5,0.025286914400534287,0.946,9,27
T5,0.021483217679454207,0.32,10,69
Nt1_Z5,0.020961677483934116,0.98,11,8
Z4,0.020121468587774333,0.474,12,51
Nt1_Z2,0.019862255843705625,0.962,13,25
frac_Y,0.018834979487474545,0.654,14,43
KF5,0.01863321499128416,0.608,15,47
VHSE3,0.018165757016969535,0.402,16,58
F1,0.017874428972538672,0.344,17,65
Nt1_Z4,0.016340437663500615,0.976,18,16
KF10,0.013683493600847278,0.442,19,53
KF8,0.01366898334550853,0.408,20,57
PP3,0.012194319845917307,0.358,21,63
aliphatic_index,0.01202631455375483,0.434,22,54
Nt1_Z1,0.011898064464451729,0.978,23,9
Nt_Z2,0.011050705063960211,0.972,24,20
Ct_Z2,0.010059440014360774,0.976,25,16
PP2,0.009403232449874595,0.356,26,64
Z5,0.009038553211584938,0.322,27,68
T4,0.008556001005172419,0.152,28,81
hydrophobic_moment,0.008182186624574365,0.986,29,3
KF9,0.0076955643289445845,0.338,30,66
F3,0.0074836771449942685,0.394,31,59
frac_E,0.007340195954295199,0.74,32,39
T2,0.007010370585991548,0.172,33,78
KF7,0.006879926008774434,0.372,34,62
instability_index,0.006753522312557408,0.966,35,21
VHSE1,0.0067269639511150165,0.104,36,88
KF3,0.006442537176593917,0.386,37,61
frac_G,0.006409054110727003,0.66,38,42
KF1,0.006218284453298403,0.164,39,80
VHSE4,0.005976890444523194,0.26,40,74
Ct_Z1,0.005967705801713493,0.96,41,26
VHSE8,0.005930945783435403,0.224,42,76
charge,0.0058918766332973745,0.944,43,28
Z3,0.005848378020786783,0.264,44,73
frac_D,0.005781113114197545,0.846,45,35
T3,0.005712487441548842,0.23,46,75
VHSE7,0.005623707881452036,0.434,47,54
Ct1_Z5,0.005511952455518471,0.982,48,6
KF2,0.005395765100030711,0.018,49,91
F2,0.005319591815590097,0.43,50,56
Z2,0.005201316147653844,0.198,51,77
VHSE2,0.005100740595992449,0.388,52,60
Ct1_Z3,0.004907077767675348,0.978,53,9
KF6,0.004810534891564081,0.312,54,70
Ct2_Z3,0.0047721422233822355,0.986,55,3
F5,0.004712961937191724,0.136,56,83
length,0.004649305431706374,0.754,57,37
Z1,0.004597930815149716,0.328,58,67
Nt1_Z3,0.004567079984848723,0.99,59,1
PP1,0.004506198969107012,0.112,60,87
F4,0.00448484949330017,0.13,61,84
Ct_Z4,0.004334760406236331,0.978,62,9
T1,0.004248057459074763,0.082,63,90
KF4,0.004225907966710195,0.144,64,82
Ct2_Z4,0.00412310570682886,0.966,65,21
frac_W,0.004058480635671767,0.644,66,44
Ct1_Z4,0.003967200598294705,0.966,67,21
VHSE6,0.0039409890746238945,0.128,68,85
boman,0.00380018158606707,0.1,69,89
Ct2_Z5,0.0037518275811865894,0.978,70,9
hydrophobicity,0.003663705737630692,0.118,71,86
isoelectric_point,0.0036183118918392326,0.942,72,30
Nt_Z4,0.0034911269558930255,0.984,73,5
Nt_Z3,0.003462718077189849,0.982,74,6
frac_A,0.0031416425834554637,0.636,75,45
frac_F,0.002957513513204462,0.736,76,40
frac_I,0.002906597551721374,0.624,77,46
Nt_Z5,0.002883440341053259,0.978,78,9
Ct2_Z2,0.0028511772324905467,0.966,79,21
frac_P,0.002780342033685292,0.172,80,78
frac_S,0.002352070306504639,0.858,81,33
frac_Q,0.0022411144472921202,0.77,82,36
frac_M,0.002131746079132476,0.75,83,38
frac_V,0.00205043364457925,0.568,84,49
frac_R,0.001877697211842218,0.57,85,48
frac_L,0.001566890301357171,0.462,86,52
frac_N,0.0012179262761702868,0.89,87,31
frac_K,0.0011792018753917781,0.532,88,50
frac_H,0.0011740518194253216,0.676,89,41
frac_T,0.0011227576787013584,0.852,90,34
frac_C,0.0009550868675570566,0.944,91,28
