sequence,length,pred_oof,pIC50,n_measurements,fold_spread,source
IRW,3.0,5.6414748311555405,6.221848749616356,1,1.0,Egg proteins
IRP,3.0,5.592054200356662,5.7447274948966935,6,1.0555555555555545,Cereals (Finnish)
LRW,3.0,5.56196754191634,6.638272163982407,1,1.0,Legume (Pea proteins)
LRY,3.0,5.327673863262686,5.292429823902063,1,1.0,ND
MRW,3.0,5.322776569915943,6.221848749616356,6,96.66666666666652,Spinach
IKY,3.0,5.289416632381297,4.468521082957745,1,1.0,Arachin
AKYCY,5.0,5.174635650737856,4.700057099977233,1,1.0,ND
IRA,3.0,5.173794163493611,5.1938200260161125,4,1.0,Alpha-zein
FFGRCVSP,8.0,5.173411179143539,6.3979400086720375,3,1.0,Egg proteins
FRGLMHY,7.0,5.169484551562712,3.056763732088472,1,1.0,Sardinelle heads
LKY,3.0,5.136701895967584,5.139416792263376,7,12.948717948717926,Antarctic krill (Euphausia superba)
VDF,3.0,5.134543182869859,4.975524517099972,2,2.577389984825494,Egg
VVW,3.0,5.133047791301775,4.657577319177793,1,1.0,Cereals (Rice-koji)
PTHVAW,6.0,5.127640242236345,5.823908740944319,3,1.006666666666667,Fish (Tuna (Neothunnus macropterus muscle))
KRVIQY,6.0,5.111583374151068,5.214670164989233,1,1.0,Porcine myosin B
